{"total": 25600, "Loss": 302.4447021484375, "Accuracy": 0.2583984434604645, "Accuracy Top 5": 0.5479687452316284, "_timestamp": 1661377495.0978968, "_runtime": 322.6768639087677, "_step": 800, "_wandb": {"runtime": 323}}