{"total": 25600, "Loss": 366.2785949707031, "Accuracy": 0.14109374582767487, "Accuracy Top 5": 0.3799999952316284, "_timestamp": 1661377987.4298153, "_runtime": 133.20072627067566, "_step": 300, "_wandb": {"runtime": 152}}