{"total": 25600, "Loss": 40.46843338012695, "Accuracy": 0.8757421970367432, "Accuracy Top 5": 0.9824609160423279, "_timestamp": 1661700400.8823905, "_runtime": 995.1457085609436, "_step": 10000, "Val total": 17920, "Val CE Loss": 0, "Val Accuracy": 0.950390636920929, "Val Accuracy Top 5": 0.998828113079071, "Val Val total": 17920, "Val Val CE Loss": 0, "Val Val Accuracy": 0.9419084787368774, "Val Val Accuracy Top 5": 0.9984933137893677, "Val Loss": 0, "Val Val Val total": 17920, "Val Val Val CE Loss": 0, "Val Val Val Accuracy": 0.9214285612106323, "Val Val Val Accuracy Top 5": 0.9964843988418579, "Val Val Loss": 0, "Val Val Val Val total": 17920, "Val Val Val Val CE Loss": 0, "Val Val Val Val Accuracy": 0.9069754481315613, "Val Val Val Val Accuracy Top 5": 0.9940290451049805, "Val Val Val Loss": 0, "Val Val Val Val Val total": 17920, "Val Val Val Val Val CE Loss": 0, "Val Val Val Val Val Accuracy": 0.8795201182365417, "Val Val Val Val Val Accuracy Top 5": 0.9898437261581421, "Val Val Val Val Loss": 0, "Val Val Val Val Val Val total": 17920, "Val Val Val Val Val Val CE Loss": 0, "Val Val Val Val Val Val Accuracy": 0.8359375, "Val Val Val Val Val Val Accuracy Top 5": 0.9806919693946838, "Val Val Val Val Val Loss": 0, "Val Val Val Val Val Val Val total": 17920, "Val Val Val Val Val Val Val CE Loss": 0, "Val Val Val Val Val Val Val Accuracy": 0.7902901768684387, "Val Val Val Val Val Val Val Accuracy Top 5": 0.9656808376312256, "Val Val Val Val Val Val Loss": 0, "Val Val Val Val Val Val Val Val total": 17920, "Val Val Val Val Val Val Val Val CE Loss": 0, "Val Val Val Val Val Val Val Val Accuracy": 0.7284598350524902, "Val Val Val Val Val Val Val Val Accuracy Top 5": 0.9422991275787354, "Val Val Val Val Val Val Val Loss": 0, "Val Val Val Val Val Val Val Val Val total": 17920, "Val Val Val Val Val Val Val Val Val CE Loss": 0, "Val Val Val Val Val Val Val Val Val Accuracy": 0.643917441368103, "Val Val Val Val Val Val Val Val Val Accuracy Top 5": 0.8988839387893677, "Val Val Val Val Val Val Val Val Loss": 0, "Val Val Val Val Val Val Val Val Val Val total": 17920, "Val Val Val Val Val Val Val Val Val Val CE Loss": 0, "Val Val Val Val Val Val Val Val Val Val Accuracy": 0.5085379481315613, "Val Val Val Val Val Val Val Val Val Val Accuracy Top 5": 0.8032923936843872, "Val Val Val Val Val Val Val Val Val Loss": 0, "_wandb": {"runtime": 995}}