{"Val total": 17920, "Val CE Loss": 0, "Val Accuracy": 0.9719865918159485, "Val Accuracy Top 5": 0.9995535612106323, "_timestamp": 1661970294.5030787, "_runtime": 19.006293773651123, "_step": 0, "_wandb": {"runtime": 18}}