{"total": 25600, "Loss": 367.85882568359375, "Accuracy": 0.1439843773841858, "Accuracy Top 5": 0.3765625059604645, "_timestamp": 1661377794.6260934, "_runtime": 134.50470328330994, "_step": 300, "_wandb": {"runtime": 157}}