{"total": 25600, "Loss": 31.712223052978516, "Accuracy": 0.9074609279632568, "Accuracy Top 5": 0.9871484041213989, "LR": 0.0001000000924701286, "_timestamp": 1661703260.9939532, "_runtime": 1160.6427431106567, "_step": 10000, "Valtotal": 215040, "ValCE Loss": 0, "ValAccuracy": 0.08088769018650055, "ValAccuracy Top 5": 0.08330585062503815, "_wandb": {"runtime": 1160}}