{"total": 51200, "Loss": 810.1897583007812, "Accuracy": 0.056153442710638046, "Accuracy Top 5": 0.16379283368587494, "LR": 0.0010000000000000005, "_timestamp": 1661703491.869502, "_runtime": 30.655667066574097, "_step": 200, "_wandb": {"runtime": 40}}