{"Val total": 17920, "Val CE Loss": 0, "Val Accuracy": 0.9746651649475098, "Val Accuracy Top 5": 0.9996093511581421, "_timestamp": 1661970372.7987285, "_runtime": 18.18427348136902, "_step": 0, "_wandb": {"runtime": 18}}